rain_intensity,water_level_cm,container_height_cm,water_fill_ratio,flood_risk
912,3.25,12,0.2709,low
964,4.71,12,0.3927,low
946,3.3,12,0.2751,low
862,1.89,12,0.1576,low
820,2.7,12,0.2254,low
845,1.86,12,0.1552,low
773,0.27,12,0.0223,low
753,2.65,12,0.2211,low
945,4.08,12,0.3397,low
946,3.27,12,0.2724,low
763,0.18,12,0.0153,low
998,2.87,12,0.2391,low
941,1.37,12,0.114,low
957,1.97,12,0.1643,low
761,2.0,12,0.1665,low
1004,2.81,12,0.2344,low
841,2.94,12,0.2451,low
841,3.5,12,0.2913,low
960,1.21,12,0.1009,low
844,4.03,12,0.3361,low
852,2.79,12,0.2327,low
928,1.93,12,0.1606,low
779,0.59,12,0.0489,low
737,1.98,12,0.1649,low
886,3.21,12,0.2677,low
905,2.35,12,0.1957,low
812,0.13,12,0.0108,low
841,1.72,12,0.143,low
966,0.98,12,0.0819,low
718,1.23,12,0.1028,low
863,2.34,12,0.195,low
953,1.71,12,0.1422,low
805,3.8,12,0.3167,low
932,1.94,12,0.1617,low
752,0.64,12,0.0533,low
753,1.87,12,0.1562,low
823,2.65,12,0.2206,low
810,0.37,12,0.0307,low
738,3.82,12,0.318,low
947,1.12,12,0.0931,low
1014,3.01,12,0.2509,low
725,1.14,12,0.0953,low
731,1.91,12,0.1595,low
962,1.29,12,0.1071,low
887,3.6,12,0.2998,low
914,3.02,12,0.2518,low
839,2.45,12,0.2044,low
893,2.98,12,0.2482,low
914,1.39,12,0.1155,low
746,2.47,12,0.2057,low
1020,3.89,12,0.3238,low
893,4.65,12,0.3876,low
950,2.95,12,0.246,low
858,3.94,12,0.3282,low
961,1.99,12,0.1657,low
786,2.19,12,0.1822,low
817,0.09,12,0.0076,low
967,0.59,12,0.0491,low
915,0.46,12,0.038,low
917,2.77,12,0.2308,low
803,3.23,12,0.269,low
922,3.2,12,0.2665,low
820,3.49,12,0.2904,low
765,1.33,12,0.111,low
1008,2.16,12,0.1803,low
836,2.77,12,0.2305,low
749,4.17,12,0.3473,low
988,3.74,12,0.3118,low
852,2.18,12,0.1816,low
802,2.78,12,0.2316,low
938,0.4,12,0.0331,low
941,3.93,12,0.3279,low
721,0.52,12,0.043,low
969,0.75,12,0.0627,low
714,3.67,12,0.3061,low
763,3.27,12,0.2721,low
832,2.03,12,0.1689,low
705,0.55,12,0.0461,low
919,2.13,12,0.1772,low
835,2.44,12,0.2034,low
764,3.0,12,0.2504,low
840,0.55,12,0.0459,low
740,1.67,12,0.1392,low
864,2.05,12,0.171,low
914,1.2,12,0.1003,low
893,0.1,12,0.0087,low
879,0.44,12,0.0371,low
702,1.76,12,0.1467,low
1013,3.92,12,0.3266,low
975,1.59,12,0.1327,low
781,3.48,12,0.2903,low
958,2.23,12,0.1858,low
944,3.64,12,0.3037,low
895,1.57,12,0.131,low
1011,2.74,12,0.2282,low
981,1.04,12,0.0867,low
972,3.13,12,0.2611,low
964,0.28,12,0.0233,low
762,0.61,12,0.0512,low
967,0.6,12,0.0504,low
362,3.79,12,0.3162,moderate
377,3.87,12,0.3222,moderate
370,3.26,12,0.2714,low
622,6.27,12,0.5223,moderate
457,5.42,12,0.4518,moderate
515,7.09,12,0.5905,moderate
317,4.14,12,0.3447,moderate
466,5.39,12,0.4494,moderate
658,5.51,12,0.4595,moderate
340,3.25,12,0.2708,low
635,3.48,12,0.2896,low
638,7.7,12,0.6418,moderate
551,6.74,12,0.5618,moderate
557,3.65,12,0.3038,low
687,5.47,12,0.4557,moderate
643,4.85,12,0.404,low
324,4.28,12,0.3566,moderate
356,5.0,12,0.4168,moderate
502,4.76,12,0.397,moderate
446,4.82,12,0.4018,moderate
617,4.43,12,0.3688,low
680,5.31,12,0.4424,low
685,5.57,12,0.4642,moderate
640,6.86,12,0.5718,moderate
329,6.04,12,0.5032,moderate
415,3.97,12,0.331,moderate
668,7.13,12,0.5943,moderate
352,3.46,12,0.288,low
509,3.41,12,0.2838,low
675,7.6,12,0.6336,moderate
478,5.85,12,0.4875,moderate
613,7.54,12,0.6284,moderate
320,5.83,12,0.486,moderate
338,3.82,12,0.3185,moderate
490,5.75,12,0.479,moderate
486,6.67,12,0.5556,moderate
394,5.36,12,0.4469,moderate
540,3.57,12,0.2979,low
495,3.42,12,0.2851,low
563,6.72,12,0.5597,moderate
596,4.6,12,0.3835,low
660,4.3,12,0.3582,low
425,4.51,12,0.3758,moderate
363,7.49,12,0.6245,moderate
351,4.84,12,0.4033,moderate
592,7.49,12,0.6245,moderate
356,5.3,12,0.4417,moderate
450,6.45,12,0.5371,moderate
408,3.57,12,0.2974,low
641,3.59,12,0.2988,low
518,6.29,12,0.5244,moderate
304,6.96,12,0.5802,moderate
426,5.2,12,0.4334,moderate
477,7.41,12,0.6174,moderate
456,3.53,12,0.2942,low
699,4.36,12,0.3636,low
566,3.51,12,0.2926,low
645,7.91,12,0.6588,moderate
311,4.16,12,0.3463,moderate
624,6.73,12,0.5607,moderate
362,3.63,12,0.3022,moderate
320,5.91,12,0.4924,moderate
639,7.44,12,0.6204,moderate
348,7.45,12,0.6211,moderate
345,4.57,12,0.3807,moderate
350,5.42,12,0.4518,moderate
334,6.02,12,0.502,moderate
641,6.53,12,0.5438,moderate
340,4.3,12,0.3583,moderate
301,6.56,12,0.5465,moderate
316,7.24,12,0.6037,moderate
448,3.83,12,0.3193,moderate
336,7.7,12,0.642,moderate
402,6.76,12,0.5636,moderate
555,3.7,12,0.3081,low
467,4.45,12,0.3705,moderate
531,6.12,12,0.5097,moderate
485,3.71,12,0.3094,moderate
503,5.28,12,0.4397,moderate
680,3.64,12,0.3036,low
411,5.05,12,0.4212,moderate
689,6.05,12,0.5039,moderate
465,4.04,12,0.3371,moderate
669,4.52,12,0.3768,low
314,5.28,12,0.4397,moderate
440,5.75,12,0.479,moderate
526,6.11,12,0.5092,moderate
398,4.52,12,0.3765,moderate
615,5.07,12,0.4226,low
685,4.73,12,0.3943,low
505,7.25,12,0.6046,moderate
594,5.42,12,0.4515,moderate
508,4.51,12,0.3758,moderate
346,7.64,12,0.6368,moderate
331,3.27,12,0.2722,low
412,3.83,12,0.3192,moderate
662,6.56,12,0.5471,moderate
305,7.11,12,0.5926,moderate
396,3.74,12,0.3114,moderate
540,4.75,12,0.396,low
135,11.98,12,0.998,high
232,10.31,12,0.8594,high
115,8.68,12,0.7232,high
140,9.44,12,0.7863,high
49,11.12,12,0.9263,high
60,9.6,12,0.8002,high
252,7.36,12,0.6137,high
98,8.72,12,0.7267,high
24,8.94,12,0.7452,high
92,7.41,12,0.6178,high
54,6.84,12,0.5701,moderate
58,8.18,12,0.6814,high
151,8.82,12,0.7353,high
253,10.04,12,0.8369,high
137,9.34,12,0.7783,high
265,9.51,12,0.7928,high
101,9.21,12,0.7672,high
111,11.2,12,0.9334,high
151,9.77,12,0.8142,high
175,8.44,12,0.7033,high
150,7.17,12,0.5972,moderate
189,11.55,12,0.9628,high
189,8.43,12,0.7025,high
182,6.73,12,0.5612,moderate
279,8.26,12,0.6884,high
125,6.64,12,0.5533,moderate
83,10.02,12,0.8352,high
264,9.95,12,0.8292,high
143,11.48,12,0.9565,high
187,11.8,12,0.9834,high
235,7.22,12,0.6013,high
195,8.98,12,0.748,high
166,11.84,12,0.9864,high
247,8.16,12,0.6797,high
220,8.47,12,0.7059,high
152,6.82,12,0.5684,moderate
233,11.92,12,0.9935,high
72,11.88,12,0.9901,high
123,7.06,12,0.5882,moderate
80,10.93,12,0.9109,high
278,6.8,12,0.5666,moderate
111,6.86,12,0.5719,moderate
32,10.45,12,0.871,high
222,11.27,12,0.9395,high
222,6.86,12,0.572,moderate
154,9.96,12,0.8301,high
159,10.26,12,0.8548,high
8,11.44,12,0.953,high
124,7.88,12,0.6569,high
256,11.21,12,0.934,high
135,9.79,12,0.8156,high
119,11.39,12,0.949,high
203,7.06,12,0.5882,moderate
102,10.96,12,0.9133,high
233,8.2,12,0.6834,high
122,9.7,12,0.8087,high
221,10.38,12,0.8654,high
179,11.54,12,0.9619,high
65,8.65,12,0.7207,high
90,6.7,12,0.558,moderate
136,8.45,12,0.7045,high
289,11.78,12,0.9816,high
226,8.14,12,0.678,high
168,7.87,12,0.6558,high
97,9.46,12,0.7883,high
186,9.79,12,0.8158,high
196,7.9,12,0.6586,high
104,7.44,12,0.6199,high
263,9.63,12,0.8027,high
191,10.83,12,0.9027,high
131,11.97,12,0.9976,high
202,11.0,12,0.9166,high
271,7.6,12,0.6333,high
128,7.15,12,0.5959,moderate
196,9.37,12,0.7807,high
282,6.79,12,0.5661,moderate
288,6.82,12,0.5685,moderate
296,6.95,12,0.5795,moderate
114,8.27,12,0.6891,high
115,6.93,12,0.5772,moderate
294,7.72,12,0.6432,high
74,8.27,12,0.6892,high
259,6.61,12,0.5506,moderate
8,9.24,12,0.7703,high
100,10.82,12,0.9013,high
68,8.01,12,0.6672,high
97,9.19,12,0.7659,high
223,7.83,12,0.6527,high
99,6.86,12,0.5719,moderate
27,8.38,12,0.6984,high
27,11.56,12,0.9635,high
2,6.77,12,0.5641,moderate
143,9.95,12,0.8291,high
72,9.79,12,0.8156,high
84,6.63,12,0.5521,moderate
256,7.48,12,0.6232,high
87,11.22,12,0.935,high
76,9.05,12,0.7545,high
23,11.92,12,0.9931,high
108,8.32,12,0.6933,high
